/* Populate tables */

INSERT INTO regiones (id, nombre) VALUES (1, 'Sudamérica');
INSERT INTO regiones (id, nombre) VALUES (2, 'Centroamérica');
INSERT INTO regiones (id, nombre) VALUES (3, 'Norteamérica');
INSERT INTO regiones (id, nombre) VALUES (4, 'Europa');
INSERT INTO regiones (id, nombre) VALUES (5, 'Asia');
INSERT INTO regiones (id, nombre) VALUES (6, 'Africa');
INSERT INTO regiones (id, nombre) VALUES (7, 'Oceanía');
INSERT INTO regiones (id, nombre) VALUES (8, 'Antártida');


INSERT INTO clientes (region_id,nombre, apellido, email, create_at) VALUES(1,'Andres', 'Guzman', 'profesor@bolsadeideas.com', '2017-08-01');
INSERT INTO clientes (region_id,nombre, apellido, email, create_at) VALUES(2,'John', 'Doe', 'john.doe@gmail.com', '2017-08-02');
INSERT INTO clientes (region_id,nombre, apellido, email, create_at) VALUES(3,'Linus', 'Torvalds', 'linus.torvalds@gmail.com', '2017-08-03');
INSERT INTO clientes (region_id,nombre, apellido, email, create_at) VALUES(4,'Jane', 'Doe', 'jane.doe@gmail.com', '2017-08-04');
INSERT INTO clientes (region_id,nombre, apellido, email, create_at) VALUES(5,'Rasmus', 'Lerdorf', 'rasmus.lerdorf@gmail.com', '2017-08-05');
INSERT INTO clientes (region_id,nombre, apellido, email, create_at) VALUES(6,'Erich', 'Gamma', 'erich.gamma@gmail.com', '2017-08-06');
INSERT INTO clientes (region_id,nombre, apellido, email, create_at) VALUES(7,'Richard', 'Helm', 'richard.helm@gmail.com', '2017-08-07');
INSERT INTO clientes (region_id,nombre, apellido, email, create_at) VALUES(8,'Ralph', 'Johnson', 'ralph.johnson@gmail.com', '2017-08-08');
INSERT INTO clientes (region_id,nombre, apellido, email, create_at) VALUES(1,'John', 'Vlissides', 'john.vlissides@gmail.com', '2017-08-09');
INSERT INTO clientes (region_id,nombre, apellido, email, create_at) VALUES(2,'James', 'Gosling', 'james.gosling@gmail.com', '2017-08-010');
INSERT INTO clientes (region_id,nombre, apellido, email, create_at) VALUES(3,'Bruce', 'Lee', 'bruce.lee@gmail.com', '2017-08-11');
INSERT INTO clientes (region_id,nombre, apellido, email, create_at) VALUES(4,'Johnny', 'Doe', 'johnny.doe@gmail.com', '2017-08-12');
INSERT INTO clientes (region_id,nombre, apellido, email, create_at) VALUES(5,'John', 'Roe', 'john.roe@gmail.com', '2017-08-13');
INSERT INTO clientes (region_id,nombre, apellido, email, create_at) VALUES(6,'Jane', 'Roe', 'jane.roe@gmail.com', '2017-08-14');
INSERT INTO clientes (region_id,nombre, apellido, email, create_at) VALUES(7,'Richard', 'Doe', 'richard.doe@gmail.com', '2017-08-15');
INSERT INTO clientes (region_id,nombre, apellido, email, create_at) VALUES(8,'Janie', 'Doe', 'janie.doe@gmail.com', '2017-08-16');
INSERT INTO clientes (region_id,nombre, apellido, email, create_at) VALUES(1,'Phillip', 'Webb', 'phillip.webb@gmail.com', '2017-08-17');
INSERT INTO clientes (region_id,nombre, apellido, email, create_at) VALUES(2,'Stephane', 'Nicoll', 'stephane.nicoll@gmail.com', '2017-08-18');
INSERT INTO clientes (region_id,nombre, apellido, email, create_at) VALUES(3,'Sam', 'Brannen', 'sam.brannen@gmail.com', '2017-08-19');  
INSERT INTO clientes (region_id,nombre, apellido, email, create_at) VALUES(4,'Juergen', 'Hoeller', 'juergen.Hoeller@gmail.com', '2017-08-20'); 
INSERT INTO clientes (region_id,nombre, apellido, email, create_at) VALUES(5,'Janie', 'Roe', 'janie.roe@gmail.com', '2017-08-21');
INSERT INTO clientes (region_id,nombre, apellido, email, create_at) VALUES(6,'John', 'Smith', 'john.smith@gmail.com', '2017-08-22');
INSERT INTO clientes (region_id,nombre, apellido, email, create_at) VALUES(7,'Joe', 'Bloggs', 'joe.bloggs@gmail.com', '2017-08-23');
INSERT INTO clientes (region_id,nombre, apellido, email, create_at) VALUES(8,'John', 'Stiles', 'john.stiles@gmail.com', '2017-08-24');
INSERT INTO clientes (region_id,nombre, apellido, email, create_at) VALUES(1,'Richard', 'Roe', 'stiles.roe@gmail.com', '2017-08-25');
INSERT INTO clientes (region_id,nombre, apellido, email, create_at) VALUES(2,'Angeliux', 'Galici', 'angel.galicia@capgemini.com', '2019-01-04');
INSERT INTO clientes (region_id,nombre, apellido, email, create_at) VALUES(3,'Hector', 'Luna Torres', 'hector.luna@capgemini.com', '2019-01-31');
INSERT INTO clientes (region_id,nombre, apellido, email, create_at) VALUES(4,'Andres', 'Guzman', 'profesor@bolsadeideas.com.mx', '2017-08-01');
INSERT INTO clientes (region_id,nombre, apellido, email, create_at) VALUES(5,'John', 'Doe', 'john.doe@gmail.com.mx', '2017-08-02');
INSERT INTO clientes (region_id,nombre, apellido, email, create_at) VALUES(6,'Linus', 'Torvalds', 'linus.torvalds@gmail.com.mx', '2017-08-03');
INSERT INTO clientes (region_id,nombre, apellido, email, create_at) VALUES(7,'Jane', 'Doe', 'jane.doe@gmail.com.mx', '2017-08-04');
INSERT INTO clientes (region_id,nombre, apellido, email, create_at) VALUES(8,'Rasmus', 'Lerdorf', 'rasmus.lerdorf@gmail.com.mx', '2017-08-05');
INSERT INTO clientes (region_id,nombre, apellido, email, create_at) VALUES(1,'Erich', 'Gamma', 'erich.gamma@gmail.com.mx', '2017-08-06');
INSERT INTO clientes (region_id,nombre, apellido, email, create_at) VALUES(2,'Richard', 'Helm', 'richard.helm@gmail.com.mx', '2017-08-07');
INSERT INTO clientes (region_id,nombre, apellido, email, create_at) VALUES(3,'Ralph', 'Johnson', 'ralph.johnson@gmail.com.mx', '2017-08-08');
INSERT INTO clientes (region_id,nombre, apellido, email, create_at) VALUES(4,'John', 'Vlissides', 'john.vlissides@gmail.com.mx', '2017-08-09');
INSERT INTO clientes (region_id,nombre, apellido, email, create_at) VALUES(5,'James', 'Gosling', 'james.gosling@gmail.com.mx', '2017-08-010');
INSERT INTO clientes (region_id,nombre, apellido, email, create_at) VALUES(6,'Bruce', 'Lee', 'bruce.lee@gmail.com.mx', '2017-08-11');
INSERT INTO clientes (region_id,nombre, apellido, email, create_at) VALUES(7,'Johnny', 'Doe', 'johnny.doe@gmail.com.mx', '2017-08-12');
INSERT INTO clientes (region_id,nombre, apellido, email, create_at) VALUES(8,'John', 'Roe', 'john.roe@gmail.com.mx', '2017-08-13');
INSERT INTO clientes (region_id,nombre, apellido, email, create_at) VALUES(1,'Jane', 'Roe', 'jane.roe@gmail.com.mx', '2017-08-14');
INSERT INTO clientes (region_id,nombre, apellido, email, create_at) VALUES(2,'Richard', 'Doe', 'richard.doe@gmail.com.mx', '2017-08-15');
INSERT INTO clientes (region_id,nombre, apellido, email, create_at) VALUES(3,'Janie', 'Doe', 'janie.doe@gmail.com.mx', '2017-08-16');
INSERT INTO clientes (region_id,nombre, apellido, email, create_at) VALUES(4,'Phillip', 'Webb', 'phillip.webb@gmail.com.mx', '2017-08-17');
INSERT INTO clientes (region_id,nombre, apellido, email, create_at) VALUES(5,'Stephane', 'Nicoll', 'stephane.nicoll@gmail.com.mx', '2017-08-18');
INSERT INTO clientes (region_id,nombre, apellido, email, create_at) VALUES(6,'Sam', 'Brannen', 'sam.brannen@gmail.com.mx', '2017-08-19');  
INSERT INTO clientes (region_id,nombre, apellido, email, create_at) VALUES(7,'Juergen', 'Hoeller', 'juergen.Hoeller@gmail.com.mx', '2017-08-20'); 
INSERT INTO clientes (region_id,nombre, apellido, email, create_at) VALUES(8,'Janie', 'Roe', 'janie.roe@gmail.com.mx', '2017-08-21');
INSERT INTO clientes (region_id,nombre, apellido, email, create_at) VALUES(1,'John', 'Smith', 'john.smith@gmail.com.mx', '2017-08-22');
INSERT INTO clientes (region_id,nombre, apellido, email, create_at) VALUES(2,'Joe', 'Bloggs', 'joe.bloggs@gmail.com.mx', '2017-08-23');
INSERT INTO clientes (region_id,nombre, apellido, email, create_at) VALUES(3,'John', 'Stiles', 'john.stiles@gmail.com.mx', '2017-08-24');
INSERT INTO clientes (region_id,nombre, apellido, email, create_at) VALUES(4,'Richard', 'Roe', 'stiles.roe@gmail.com.mx', '2017-08-25');
INSERT INTO clientes (region_id,nombre, apellido, email, create_at) VALUES(5,'Angeliux', 'Galici', 'angel.galicia@capgemini.com.mx', '2019-01-04');
INSERT INTO clientes (region_id,nombre, apellido, email, create_at) VALUES(6,'Hector', 'Luna Torres', 'hector.luna@capgemini.com.mx', '2019-01-31');
INSERT INTO clientes (region_id,nombre, apellido, email, create_at) VALUES(7,'Andres', 'Guzman', 'profesor@bolsadeideas.com.es', '2017-08-01');
INSERT INTO clientes (region_id,nombre, apellido, email, create_at) VALUES(8,'John', 'Doe', 'john.doe@gmail.com.es', '2017-08-02');
INSERT INTO clientes (region_id,nombre, apellido, email, create_at) VALUES(1,'Linus', 'Torvalds', 'linus.torvalds@gmail.com.es', '2017-08-03');
INSERT INTO clientes (region_id,nombre, apellido, email, create_at) VALUES(2,'Jane', 'Doe', 'jane.doe@gmail.com.es', '2017-08-04');
INSERT INTO clientes (region_id,nombre, apellido, email, create_at) VALUES(3,'Rasmus', 'Lerdorf', 'rasmus.lerdorf@gmail.com.es', '2017-08-05');
INSERT INTO clientes (region_id,nombre, apellido, email, create_at) VALUES(4,'Erich', 'Gamma', 'erich.gamma@gmail.com.es', '2017-08-06');
INSERT INTO clientes (region_id,nombre, apellido, email, create_at) VALUES(5,'Richard', 'Helm', 'richard.helm@gmail.com.es', '2017-08-07');
INSERT INTO clientes (region_id,nombre, apellido, email, create_at) VALUES(6,'Ralph', 'Johnson', 'ralph.johnson@gmail.com.es', '2017-08-08');
INSERT INTO clientes (region_id,nombre, apellido, email, create_at) VALUES(7,'John', 'Vlissides', 'john.vlissides@gmail.com.es', '2017-08-09');
INSERT INTO clientes (region_id,nombre, apellido, email, create_at) VALUES(8,'James', 'Gosling', 'james.gosling@gmail.com.es', '2017-08-010');
INSERT INTO clientes (region_id,nombre, apellido, email, create_at) VALUES(1,'Bruce', 'Lee', 'bruce.lee@gmail.com.es', '2017-08-11');
INSERT INTO clientes (region_id,nombre, apellido, email, create_at) VALUES(2,'Johnny', 'Doe', 'johnny.doe@gmail.com.es', '2017-08-12');
INSERT INTO clientes (region_id,nombre, apellido, email, create_at) VALUES(3,'John', 'Roe', 'john.roe@gmail.com.es', '2017-08-13');
INSERT INTO clientes (region_id,nombre, apellido, email, create_at) VALUES(4,'Jane', 'Roe', 'jane.roe@gmail.com.es', '2017-08-14');
INSERT INTO clientes (region_id,nombre, apellido, email, create_at) VALUES(5,'Richard', 'Doe', 'richard.doe@gmail.com.es', '2017-08-15');
INSERT INTO clientes (region_id,nombre, apellido, email, create_at) VALUES(6,'Janie', 'Doe', 'janie.doe@gmail.com.es', '2017-08-16');
INSERT INTO clientes (region_id,nombre, apellido, email, create_at) VALUES(7,'Phillip', 'Webb', 'phillip.webb@gmail.com.es', '2017-08-17');
INSERT INTO clientes (region_id,nombre, apellido, email, create_at) VALUES(8,'Stephane', 'Nicoll', 'stephane.nicoll@gmail.com.es', '2017-08-18');
INSERT INTO clientes (region_id,nombre, apellido, email, create_at) VALUES(1,'Sam', 'Brannen', 'sam.brannen@gmail.com.es', '2017-08-19');  
INSERT INTO clientes (region_id,nombre, apellido, email, create_at) VALUES(2,'Juergen', 'Hoeller', 'juergen.Hoeller@gmail.com.es', '2017-08-20'); 
INSERT INTO clientes (region_id,nombre, apellido, email, create_at) VALUES(3,'Janie', 'Roe', 'janie.roe@gmail.com.es', '2017-08-21');
INSERT INTO clientes (region_id,nombre, apellido, email, create_at) VALUES(4,'John', 'Smith', 'john.smith@gmail.com.es', '2017-08-22');
INSERT INTO clientes (region_id,nombre, apellido, email, create_at) VALUES(5,'Joe', 'Bloggs', 'joe.bloggs@gmail.com.es', '2017-08-23');
INSERT INTO clientes (region_id,nombre, apellido, email, create_at) VALUES(6,'John', 'Stiles', 'john.stiles@gmail.com.es', '2017-08-24');
INSERT INTO clientes (region_id,nombre, apellido, email, create_at) VALUES(7,'Richard', 'Roe', 'stiles.roe@gmail.com.es', '2017-08-25');
INSERT INTO clientes (region_id,nombre, apellido, email, create_at) VALUES(8,'Angeliux', 'Galici', 'angel.galicia@capgemini.com.es', '2019-01-04');
INSERT INTO clientes (region_id,nombre, apellido, email, create_at) VALUES(1,'Hector', 'Luna Torres', 'hector.luna@capgemini.com.es', '2019-01-31');
INSERT INTO clientes (region_id,nombre, apellido, email, create_at) VALUES(2,'Andres', 'Guzman', 'profesor@bolsadeideas.com.uk', '2017-08-01');
INSERT INTO clientes (region_id,nombre, apellido, email, create_at) VALUES(3,'John', 'Doe', 'john.doe@gmail.com.uk', '2017-08-02');
INSERT INTO clientes (region_id,nombre, apellido, email, create_at) VALUES(4,'Linus', 'Torvalds', 'linus.torvalds@gmail.com.uk', '2017-08-03');
INSERT INTO clientes (region_id,nombre, apellido, email, create_at) VALUES(5,'Jane', 'Doe', 'jane.doe@gmail.com.uk', '2017-08-04');
INSERT INTO clientes (region_id,nombre, apellido, email, create_at) VALUES(6,'Rasmus', 'Lerdorf', 'rasmus.lerdorf@gmail.com.uk', '2017-08-05');
INSERT INTO clientes (region_id,nombre, apellido, email, create_at) VALUES(7,'Erich', 'Gamma', 'erich.gamma@gmail.com.uk', '2017-08-06');
INSERT INTO clientes (region_id,nombre, apellido, email, create_at) VALUES(8,'Richard', 'Helm', 'richard.helm@gmail.com.uk', '2017-08-07');

/* Creamos algunos usuarios con sus roles */
INSERT INTO `usuarios` (username, password, enabled, nombre, apellido, email) VALUES ('angelote','$2a$10$4l9FWPQWCFU5belEgJlTa.blqrTzDNarxUpTgF1hQT7ozqcQg35b6',1, 'Angel', 'Galicia','angel.g.alamilla@gmail.com');
INSERT INTO `usuarios` (username, password, enabled, nombre, apellido, email) VALUES ('admin','$2a$10$VQMkuWwNT9gjNj/E8rkEdeS1f3sSILv8wV3jvMSFSqUaBq2cf/vFG',1, 'John', 'Doe','jhon.doe@bolsadeideas.com');
INSERT INTO `usuarios` (username, password, enabled, nombre, apellido, email) VALUES ('andreas','$2a$10$ud95l1aHfrEfe3U83kJ5vuJ25zUIcZbbxGm42hXLOxdbHAh7UJ3sS',1, 'Andreas', 'Torrento','thor@ironman.com');

INSERT INTO `roles` (nombre) VALUES ('ROLE_USER');
INSERT INTO `roles` (nombre) VALUES ('ROLE_ADMIN');

INSERT INTO `usuarios_roles` (usuario_id, role_id) VALUES (1, 1);
INSERT INTO `usuarios_roles` (usuario_id, role_id) VALUES (2, 2);
INSERT INTO `usuarios_roles` (usuario_id, role_id) VALUES (2, 1);
